,R2,PICP,MPIW
0,0.6487122774124146,0.9383333333333334,1.8124369
