,PICP,MPIW
0,0.9200000000000002,1.6734258
