,R2,PICP,MPIW
0,0.5945267677307129,0.96,2.3349745
