,R2,PICP,MPIW
0,0.6804038286209106,0.9266666666666666,2.2392929
