,R2,PICP,MPIW
0,0.6245994567871094,0.9099999999999998,1.7705585
